motif_ref,position_ref,score_ref,sum_ref,motif_alt,position_alt,score_alt,sum_alt,position_delta,mutation_score_sum,mutation_score_max
GGATTGCGCAAC,41,0.9607963246554364,7.050535987748851,AGAAGAGCTGAT,18,0.2973966309341501,4.793874425727411,41,-2.2566615620214394,-0.6633996937212863
AAGAACAAAAAT,35,0.6355283307810107,8.124655436447167,AAATTACGCAAT,43,0.9886676875957121,10.419295558958652,43,2.2946401225114847,0.35313935681470143
TTGTTGTGCAAT,49,0.9255742725880551,10.54333843797856,TGGTTGTGCAAT,49,0.9007656967840735,10.147626339969372,50,-0.39571209800918794,-0.02480857580398166
TGATTGTGCAAC,87,0.9206738131699846,5.710872894333844,TGATTGTGCAAC,87,0.9206738131699846,5.679632465543643,47,-0.03124042879020017,0.0
