Position,ECDF_Score,Motif
151,0.5130168453292496,CTAACCCTAAAC,158,0.398468606431853,TAAACCCTAAAC,85,0.36998468606431856,CTAACCTAACCC,96,0.36385911179173047,CTAACCCTAACC,67,0.36385911179173047,CTAACCCTAACC,114,0.36385911179173047,CTAACCCTAACC,171,0.36385911179173047,CTAACCCTAACC,48,0.36385911179173047,CTAACCCTAACC,61,0.36385911179173047,CTAACCCTAACC,132,0.36385911179173047,CTAACCCTAACC
19,0.7470137825421134,CTCTTCAACAAT,75,0.6153139356814702,CTCATCATTAAT,78,0.4349157733537519,ATCATTAATAAT,46,0.3788667687595712,TGAACCATAACC,39,0.376416539050536,CGGACAATGAAC,7,0.36722817764165394,CTAATAGCTATC,45,0.3537519142419602,ATGAACCATAAC,84,0.329249617151608,AATAATCATAAT,71,0.2872894333843798,AATACTCATCAT,23,0.2820826952526799,TCAACAATATAC
127,0.7635528330781011,AAGATTAAAAAT,61,0.7470137825421134,CTATCTATAAAC,83,0.34027565084226646,CCATCCCCTTAT,102,0.329249617151608,CGCAGTGATTAT,189,0.2744257274119449,ACTAGTTATTAT,8,0.27044410413476266,CCACAACTAACC,28,0.26952526799387444,CTCCTGCCTCAC,120,0.2566615620214395,TCGCTCTAAGAT,7,0.2566615620214395,GCCACAACTAAC,158,0.2563552833078101,CACAAGGCACAC
198,0.7378254211332312,TGATGAGAAAAC,114,0.4428790199081164,CTGGGTCTGAAT,96,0.3978560490045942,ACCAACATAAAC,69,0.3862174578866769,CGCGCCAGACAT,14,0.38468606431852986,GGGTTGCGCCAT,193,0.3788667687595712,CACTCTGATGAG,259,0.3433384379785605,CGCCTCTAACGT,257,0.3430321592649311,CGCGCCTCTAAC,262,0.3424196018376723,CTCTAACGTCGC,98,0.33690658499234305,CAACATAAACAC
46,0.8796324655436447,TGATGTTACAAT,64,0.6872894333843798,AGATTGCGCCAT,16,0.43981623277182236,AGATTATATAAG,120,0.3552833078101072,ATTATATGCAAG,113,0.34088820826952526,CTAAAAAATTAT,111,0.3320061255742726,CTCTAAAAAATT,121,0.3093415007656968,TTATATGCAAGT,13,0.3062787136294028,CTGAGATTATAT,69,0.29464012251148547,GCGCCATTGCAC,8,0.28973966309341503,GTGAGCTGAGAT
85,0.30260336906584995,GCAAACACAAAG,84,0.2980091883614089,CGCAAACACAAA,81,0.27013782542113324,TCCCGCAAACAC,80,0.2584992343032159,CTCCCGCAAACA,83,0.21745788667687593,CCGCAAACACAA,77,0.21010719754977028,CGCCTCCCGCAA,78,0.1898928024502297,GCCTCCCGCAAA,4,0.17243491577335374,ACGTGGCCGCTT,1,0.16202143950995404,CGAACGTGGCCG,79,0.1439509954058193,CCTCCCGCAAAC
